<?xml version="1.0" encoding="UTF-8"?>
<manifest xmlns="http://www.imsglobal.org/xsd/imscp_v1p1" xmlns:imsmd="http://www.imsglobal.org/xsd/imsmd_v1p2" xmlns:xsi="http://www.w3.org/2001/XMLSchema-instance" xmlns:adlcp="http://www.adlnet.org/xsd/adlcp_v1p3" xmlns:imsss="http://www.imsglobal.org/xsd/imsss" xmlns:adlseq="http://www.adlnet.org/xsd/adlseq_v1p3" xmlns:adlnav="http://www.adlnet.org/xsd/adlnav_v1p3" identifier="urn:cepa-usp:ai-162-manifest" xsi:schemaLocation="http://www.imsglobal.org/xsd/imscp_v1p1 imscp_v1p1.xsd http://www.imsglobal.org/xsd/imsmd_v1p2 imsmd_v1p2p2.xsd http://www.adlnet.org/xsd/adlcp_v1p3 adlcp_v1p3.xsd http://www.imsglobal.org/xsd/imsss imsss_v1p0.xsd http://www.adlnet.org/xsd/adlseq_v1p3 adlseq_v1p3.xsd http://www.adlnet.org/xsd/adlnav_v1p3 adlnav_v1p3.xsd" version="1.3">
  <metadata>
    <schema>ADL SCORM</schema>
    <schemaversion>2004 4th Edition</schemaversion>
  </metadata>
  <organizations default="CEPA">
    <organization identifier="CEPA" structure="Hierárquico">
      <title>Pressão térmica e de radiação vs gravidade</title>
      <item identifier="only_item" identifierref="item1_resource" isvisible="true" parameters="?tentativas=4">
        <title>Exercício</title>
      </item>
    </organization>
  </organizations>
  <resources>
    <resource identifier="item1_resource" adlcp:scormType="sco" href="index.html" type="webcontent">
      <file href="./index.html" />
      <file href="./js/ai.js" />
      <file href="./js/jquery-1.4.2.min.js" />
      <file href="./js/jquery-parsequery.min.js" />
      <file href="./js/swfobject.js" />
      <file href="./js/scorm_wrapper.min.js" />
      <file href="./swf/AI-0166.swf" />
      <file href="./swf/AI_Loader.swf" />
      <file href="./swf/expressInstall.swf" />
    </resource>
  </resources>
</manifest>

